United States of America,Afghanistan,1982,4300
United States of America,Albania,1982,14
United States of America,Angola,1982,120
United States of America,Argentina,1982,2
United States of America,Bulgaria,1982,122
United States of America,Cambodia,1982,20234
United States of America,Dem. Rep. of the Congo,1982,10
United States of America,Cuba,1982,600
United States of America,Czech Rep.,1982,736
United States of America,Ethiopia,1982,3186
United States of America,Hungary,1982,386
United States of America,Iraq,1982,2032
United States of America,Lao People's Dem. Rep.,1982,9437
United States of America,Mozambique,1982,3
United States of America,Namibia,1982,1
United States of America,Poland,1982,6647
United States of America,Romania,1982,2871
United States of America,South Africa,1982,6
United States of America,Russian Federation,1982,2756
United States of America,Serbia and Kosovo (S/RES/1244 (1999)),1982,4
United States of America,Viet Nam,1982,43851
United States of America,Syrian Arab Rep.,1982,37
United States of America,Afghanistan,1983,2926
United States of America,Albania,1983,70
United States of America,Angola,1983,10
United States of America,Argentina,1983,2
United States of America,Bulgaria,1983,140
United States of America,Cambodia,1983,13115
United States of America,Dem. Rep. of the Congo,1983,11
United States of America,Cuba,1983,666
United States of America,Czech Rep.,1983,1335
United States of America,Ethiopia,1983,2604
United States of America,Hungary,1983,662
United States of America,Iran (Islamic Rep. of),1983,947
United States of America,Iraq,1983,1583
United States of America,Lao People's Dem. Rep.,1983,2834
United States of America,Mozambique,1983,11
United States of America,Namibia,1983,2
United States of America,Poland,1983,5868
United States of America,Romania,1983,4003
United States of America,South Africa,1983,9
United States of America,Russian Federation,1983,1409
United States of America,Serbia and Kosovo (S/RES/1244 (1999)),1983,5
United States of America,Viet Nam,1983,25487
United States of America,Syrian Arab Rep.,1983,9
United States of America,Various/unknown,1983,1
United States of America,Afghanistan,1984,2128
United States of America,Albania,1984,46
United States of America,Angola,1984,81
United States of America,Bulgaria,1984,127
United States of America,Cambodia,1984,19851
United States of America,Dem. Rep. of the Congo,1984,36
United States of America,Cuba,1984,67
United States of America,Czech Rep.,1984,853
United States of America,Ethiopia,1984,2533
United States of America,Hungary,1984,549
United States of America,Iran (Islamic Rep. of),1984,2917
United States of America,Iraq,1984,195
United States of America,Lao People's Dem. Rep.,1984,7291
United States of America,Mozambique,1984,26
United States of America,Namibia,1984,22
United States of America,Poland,1984,4331
United States of America,Romania,1984,4371
United States of America,South Africa,1984,14
United States of America,Russian Federation,1984,715
United States of America,El Salvador,1984,93
United States of America,Serbia and Kosovo (S/RES/1244 (1999)),1984,8
United States of America,Viet Nam,1984,24818
United States of America,Syrian Arab Rep.,1984,6
United States of America,Uganda,1984,2
United States of America,Various/unknown,1984,33
United States of America,Afghanistan,1985,2234
United States of America,Albania,1985,45
United States of America,Angola,1985,75
United States of America,Bulgaria,1985,130
United States of America,Cambodia,1985,19097
United States of America,Dem. Rep. of the Congo,1985,12
United States of America,Cuba,1985,135
United States of America,Czech Rep.,1985,981
United States of America,Ethiopia,1985,1788
United States of America,Hungary,1985,530
United States of America,Iran (Islamic Rep. of),1985,3492
United States of America,Iraq,1985,264
United States of America,Lao People's Dem. Rep.,1985,5416
United States of America,Mozambique,1985,7
United States of America,Namibia,1985,12
United States of America,Nicaragua,1985,3
United States of America,Poland,1985,3145
United States of America,Romania,1985,4513
United States of America,South Africa,1985,29
United States of America,Russian Federation,1985,640
United States of America,Serbia and Kosovo (S/RES/1244 (1999)),1985,6
United States of America,Viet Nam,1985,25457
United States of America,Syrian Arab Rep.,1985,4
United States of America,Uganda,1985,8
United States of America,Various/unknown,1985,22
United States of America,Afghanistan,1986,2535
United States of America,Albania,1986,84
United States of America,Angola,1986,3
United States of America,Bulgaria,1986,173
United States of America,Cambodia,1986,9789
United States of America,Dem. Rep. of the Congo,1986,4
United States of America,Cuba,1986,173
United States of America,Czech Rep.,1986,1589
United States of America,Ethiopia,1986,1268
United States of America,Hungary,1986,754
United States of America,Iran (Islamic Rep. of),1986,3148
United States of America,Iraq,1986,307
United States of America,Lao People's Dem. Rep.,1986,12869
United States of America,Mozambique,1986,1
United States of America,Namibia,1986,5
United States of America,Poland,1986,3735
United States of America,Romania,1986,2373
United States of America,South Africa,1986,12
United States of America,Russian Federation,1986,787
United States of America,Serbia and Kosovo (S/RES/1244 (1999)),1986,4
United States of America,Viet Nam,1986,22796
United States of America,Syrian Arab Rep.,1986,5
United States of America,Uganda,1986,12
United States of America,Various/unknown,1986,14
United States of America,Afghanistan,1987,3220
United States of America,Albania,1987,48
United States of America,Angola,1987,40
United States of America,Bulgaria,1987,114
United States of America,Cambodia,1987,1539
United States of America,Dem. Rep. of the Congo,1987,7
United States of America,Cuba,1987,273
United States of America,Czech Rep.,1987,1072
United States of America,Ethiopia,1987,1831
United States of America,Hungary,1987,669
United States of America,Iran (Islamic Rep. of),1987,6681
United States of America,Iraq,1987,202
United States of America,Lao People's Dem. Rep.,1987,15564
United States of America,Libya,1987,2
United States of America,Mozambique,1987,7
United States of America,Namibia,1987,3
United States of America,Nicaragua,1987,36
United States of America,Poland,1987,3626
United States of America,Romania,1987,3075
United States of America,South Africa,1987,70
United States of America,Russian Federation,1987,3694
United States of America,Rwanda,1987,1
United States of America,El Salvador,1987,6
United States of America,Somalia,1987,1
United States of America,Serbia and Kosovo (S/RES/1244 (1999)),1987,2
United States of America,Viet Nam,1987,23009
United States of America,Uganda,1987,24
United States of America,Various/unknown,1987,12
United States of America,Afghanistan,1988,2211
United States of America,Albania,1988,72
United States of America,Angola,1988,13
United States of America,Burundi,1988,1
United States of America,Bulgaria,1988,140
United States of America,Cambodia,1988,2805
United States of America,Dem. Rep. of the Congo,1988,10
United States of America,Cuba,1988,3006
United States of America,Czech Rep.,1988,672
United States of America,Ethiopia,1988,1456
United States of America,Hungary,1988,784
United States of America,Iran (Islamic Rep. of),1988,6167
United States of America,Iraq,1988,37
United States of America,Lao People's Dem. Rep.,1988,14556
United States of America,Mozambique,1988,13
United States of America,Namibia,1988,3
United States of America,Nicaragua,1988,209
United States of America,Poland,1988,3345
United States of America,Romania,1988,2801
United States of America,South Africa,1988,42
United States of America,Russian Federation,1988,20421
United States of America,El Salvador,1988,15
United States of America,Somalia,1988,4
United States of America,Serbia and Kosovo (S/RES/1244 (1999)),1988,4
United States of America,Viet Nam,1988,17654
United States of America,Uganda,1988,31
United States of America,Various/unknown,1988,15
United States of America,Afghanistan,1989,1716
United States of America,Albania,1989,47
United States of America,Angola,1989,18
United States of America,Bulgaria,1989,111
United States of America,Cambodia,1989,1916
United States of America,China,1989,5
United States of America,Dem. Rep. of the Congo,1989,18
United States of America,Cuba,1989,3783
United States of America,Czech Rep.,1989,925
United States of America,Ethiopia,1989,1767
United States of America,Hungary,1989,1075
United States of America,Iran (Islamic Rep. of),1989,5185
United States of America,Iraq,1989,114
United States of America,Lao People's Dem. Rep.,1989,12432
United States of America,Libya,1989,1
United States of America,Mozambique,1989,4
United States of America,Nicaragua,1989,323
United States of America,Poland,1989,3607
United States of America,Romania,1989,3182
United States of America,South Africa,1989,20
United States of America,Russian Federation,1989,39553
United States of America,El Salvador,1989,11
United States of America,Serbia and Kosovo (S/RES/1244 (1999)),1989,1
United States of America,Viet Nam,1989,31327
United States of America,Sudan,1989,20
United States of America,Syrian Arab Rep.,1989,1
United States of America,Uganda,1989,40
United States of America,Various/unknown,1989,36
United States of America,Afghanistan,1990,1594
United States of America,Albania,1990,98
United States of America,Angola,1990,59
United States of America,Argentina,1990,2
United States of America,Bulgaria,1990,332
United States of America,Chad,1990,1
United States of America,China,1990,52
United States of America,Dem. Rep. of the Congo,1990,79
United States of America,Cuba,1990,4753
United States of America,Czech Rep.,1990,345
United States of America,Ethiopia,1990,3229
United States of America,Hungary,1990,274
United States of America,Iran (Islamic Rep. of),1990,3329
United States of America,Iraq,1990,67
United States of America,Lao People's Dem. Rep.,1990,8771
United States of America,Libya,1990,1
United States of America,Mozambique,1990,3
United States of America,Myanmar,1990,3
United States of America,Nicaragua,1990,532
United States of America,Poland,1990,1491
United States of America,Romania,1990,3650
United States of America,South Africa,1990,34
United States of America,Russian Federation,1990,50716
United States of America,El Salvador,1990,22
United States of America,Serbia and Kosovo (S/RES/1244 (1999)),1990,6
United States of America,Viet Nam,1990,42791
United States of America,Sudan,1990,15
United States of America,Uganda,1990,27
United States of America,Afghanistan,1991,1480
United States of America,Albania,1991,1363
United States of America,Angola,1991,21
United States of America,Bulgaria,1991,585
United States of America,China,1991,4
United States of America,Dem. Rep. of the Congo,1991,73
United States of America,Cuba,1991,3933
United States of America,Czech Rep.,1991,158
United States of America,Ethiopia,1991,3948
United States of America,Hungary,1991,7
United States of America,Iran (Islamic Rep. of),1991,2692
United States of America,Iraq,1991,842
United States of America,Lao People's Dem. Rep.,1991,9250
United States of America,Liberia,1991,1
United States of America,Libya,1991,344
United States of America,Mozambique,1991,12
United States of America,Myanmar,1991,14
United States of America,Nicaragua,1991,87
United States of America,Poland,1991,290
United States of America,Romania,1991,4452
United States of America,South Africa,1991,19
United States of America,Russian Federation,1991,38661
United States of America,Rwanda,1991,2
United States of America,El Salvador,1991,6
United States of America,Somalia,1991,192
United States of America,Viet Nam,1991,44218
United States of America,Sudan,1991,24
United States of America,Syrian Arab Rep.,1991,1
United States of America,Uganda,1991,125
United States of America,Various/unknown,1991,7
United States of America,Afghanistan,1992,1452
United States of America,Albania,1992,1108
United States of America,Angola,1992,4
United States of America,Bulgaria,1992,126
United States of America,China,1992,1
United States of America,Dem. Rep. of the Congo,1992,76
United States of America,Cuba,1992,3749
United States of America,Czech Rep.,1992,18
United States of America,Ethiopia,1992,2972
United States of America,Haiti,1992,54
United States of America,Hungary,1992,1
United States of America,Iran (Islamic Rep. of),1992,1949
United States of America,Iraq,1992,3442
United States of America,Lao People's Dem. Rep.,1992,7315
United States of America,Liberia,1992,637
United States of America,Libya,1992,1
United States of America,Mozambique,1992,8
United States of America,Myanmar,1992,55
United States of America,Nicaragua,1992,1
United States of America,Poland,1992,134
United States of America,Romania,1992,1499
United States of America,South Africa,1992,15
United States of America,Russian Federation,1992,61298
United States of America,Rwanda,1992,3
United States of America,El Salvador,1992,2
United States of America,Somalia,1992,1570
United States of America,Viet Nam,1992,44336
United States of America,Sudan,1992,113
United States of America,Uganda,1992,93
United States of America,Afghanistan,1993,1233
United States of America,Albania,1993,458
United States of America,Burundi,1993,3
United States of America,Bosnia and Herzegovina,1993,1887
United States of America,Bulgaria,1993,34
United States of America,Dem. Rep. of the Congo,1993,199
United States of America,Cuba,1993,3065
United States of America,Czech Rep.,1993,3
United States of America,Ethiopia,1993,2765
United States of America,Haiti,1993,1307
United States of America,Iran (Islamic Rep. of),1993,1161
United States of America,Iraq,1993,4605
United States of America,Lao People's Dem. Rep.,1993,6967
United States of America,Liberia,1993,961
United States of America,Myanmar,1993,94
United States of America,Nicaragua,1993,1
United States of America,Poland,1993,54
United States of America,Romania,1993,215
United States of America,South Africa,1993,8
United States of America,Russian Federation,1993,48627
United States of America,Rwanda,1993,7
United States of America,El Salvador,1993,1
United States of America,Somalia,1993,2753
United States of America,Viet Nam,1993,42797
United States of America,Sudan,1993,244
United States of America,Syrian Arab Rep.,1993,1
United States of America,Uganda,1993,24
United States of America,Various/unknown,1993,9
United States of America,Afghanistan,1994,21
United States of America,Albania,1994,171
United States of America,Angola,1994,6
United States of America,Bosnia and Herzegovina,1994,7197
United States of America,Bulgaria,1994,5
United States of America,Dem. Rep. of the Congo,1994,92
United States of America,Cuba,1994,2670
United States of America,Czech Rep.,1994,5
United States of America,Ethiopia,1994,328
United States of America,Haiti,1994,3766
United States of America,Hungary,1994,1
United States of America,Iran (Islamic Rep. of),1994,851
United States of America,Iraq,1994,4984
United States of America,Lao People's Dem. Rep.,1994,6272
United States of America,Liberia,1994,610
United States of America,Libya,1994,3
United States of America,Mozambique,1994,1
United States of America,Myanmar,1994,75
United States of America,Nicaragua,1994,1
United States of America,Poland,1994,31
United States of America,Romania,1994,67
United States of America,Russian Federation,1994,43470
United States of America,Rwanda,1994,31
United States of America,Somalia,1994,3555
United States of America,Viet Nam,1994,37234
United States of America,Sudan,1994,1220
United States of America,Uganda,1994,2
United States of America,Various/unknown,1994,13
United States of America,Afghanistan,1995,4
United States of America,Albania,1995,51
United States of America,Angola,1995,1
United States of America,Burundi,1995,8
United States of America,Bosnia and Herzegovina,1995,9870
United States of America,Bulgaria,1995,3
United States of America,Dem. Rep. of the Congo,1995,85
United States of America,Cuba,1995,6133
United States of America,Ethiopia,1995,239
United States of America,Haiti,1995,1485
United States of America,Iran (Islamic Rep. of),1995,978
United States of America,Iraq,1995,3482
United States of America,Lao People's Dem. Rep.,1995,3675
United States of America,Liberia,1995,52
United States of America,Myanmar,1995,36
United States of America,Poland,1995,39
United States of America,Romania,1995,24
United States of America,Russian Federation,1995,35716
United States of America,Rwanda,1995,88
United States of America,Sierra Leone,1995,48
United States of America,Somalia,1995,2506
United States of America,Viet Nam,1995,33215
United States of America,Sudan,1995,1705
United States of America,Togo,1995,25
United States of America,Uganda,1995,10
United States of America,Various/unknown,1995,12
United States of America,Albania,1996,23
United States of America,Angola,1996,2
United States of America,Burundi,1996,8
United States of America,Bosnia and Herzegovina,1996,12030
United States of America,China,1996,1
United States of America,Cameroon,1996,1
United States of America,Dem. Rep. of the Congo,1996,38
United States of America,Cuba,1996,3498
United States of America,Czech Rep.,1996,1
United States of America,Eritrea,1996,14
United States of America,Ethiopia,1996,194
United States of America,Ghana,1996,1
United States of America,Haiti,1996,39
United States of America,India,1996,4
United States of America,Iran (Islamic Rep. of),1996,1256
United States of America,Iraq,1996,2528
United States of America,Kenya,1996,6
United States of America,Lao People's Dem. Rep.,1996,2201
United States of America,Liberia,1996,46
United States of America,Myanmar,1996,11
United States of America,Nicaragua,1996,2
United States of America,Nigeria,1996,34
United States of America,Peru,1996,2
United States of America,Poland,1996,11
United States of America,Romania,1996,16
United States of America,South Africa,1996,1
United States of America,Russian Federation,1996,29536
United States of America,Rwanda,1996,118
United States of America,Sierra Leone,1996,13
United States of America,Somalia,1996,6436
United States of America,Viet Nam,1996,17021
United States of America,Sudan,1996,575
United States of America,Togo,1996,1
United States of America,Uganda,1996,10
United States of America,Various/unknown,1996,11
United States of America,Zambia,1996,4
United States of America,Albania,1997,9
United States of America,Burundi,1997,33
United States of America,Burkina Faso,1997,1
United States of America,Bosnia and Herzegovina,1997,21357
United States of America,Chad,1997,45
United States of America,Cameroon,1997,19
United States of America,Dem. Rep. of the Congo,1997,45
United States of America,Cuba,1997,2911
United States of America,Djibouti,1997,16
United States of America,Eritrea,1997,7
United States of America,Ethiopia,1997,197
United States of America,Gambia,1997,16
United States of America,Ghana,1997,4
United States of America,Haiti,1997,75
United States of America,India,1997,6
United States of America,Iran (Islamic Rep. of),1997,1305
United States of America,Iraq,1997,2679
United States of America,Lao People's Dem. Rep.,1997,939
United States of America,Liberia,1997,231
United States of America,Myanmar,1997,182
United States of America,Nigeria,1997,7
United States of America,Poland,1997,6
United States of America,Romania,1997,3
United States of America,South Africa,1997,1
United States of America,Russian Federation,1997,27072
United States of America,Rwanda,1997,100
United States of America,Sierra Leone,1997,57
United States of America,Somalia,1997,4974
United States of America,Serbia and Kosovo (S/RES/1244 (1999)),1997,3
United States of America,Viet Nam,1997,7469
United States of America,Sudan,1997,277
United States of America,Togo,1997,30
United States of America,Uganda,1997,9
United States of America,Afghanistan,1998,88
United States of America,Albania,1998,3
United States of America,Burundi,1998,24
United States of America,Bosnia and Herzegovina,1998,30906
United States of America,Chad,1998,41
United States of America,Cameroon,1998,15
United States of America,Dem. Rep. of the Congo,1998,52
United States of America,Cuba,1998,1587
United States of America,Djibouti,1998,15
United States of America,Eritrea,1998,9
United States of America,Ethiopia,1998,152
United States of America,Gambia,1998,50
United States of America,Côte d'Ivoire,1998,1
United States of America,Indonesia,1998,1
United States of America,Iran (Islamic Rep. of),1998,1699
United States of America,Iraq,1998,1407
United States of America,Kenya,1998,13
United States of America,Liberia,1998,1494
United States of America,Madagascar,1998,2
United States of America,Myanmar,1998,186
United States of America,Nigeria,1998,312
United States of America,Poland,1998,2
United States of America,Russian Federation,1998,23349
United States of America,Rwanda,1998,86
United States of America,Sierra Leone,1998,176
United States of America,Somalia,1998,2951
United States of America,Viet Nam,1998,10661
United States of America,Sudan,1998,1252
United States of America,Togo,1998,15
United States of America,Tunisia,1998,3
United States of America,Uganda,1998,2
United States of America,Afghanistan,1999,364
United States of America,Albania,1999,8
United States of America,Algeria,1999,12
United States of America,Armenia,1999,35
United States of America,Azerbaijan,1999,210
United States of America,Burundi,1999,223
United States of America,Belarus,1999,975
United States of America,Bosnia and Herzegovina,1999,22697
United States of America,Central African Rep.,1999,1
United States of America,Chad,1999,22
United States of America,China,1999,1
United States of America,Cameroon,1999,9
United States of America,Congo,1999,27
United States of America,Dem. Rep. of the Congo,1999,42
United States of America,Cuba,1999,2018
United States of America,Djibouti,1999,8
United States of America,Eritrea,1999,32
United States of America,Estonia,1999,64
United States of America,Ethiopia,1999,1879
United States of America,Gambia,1999,13
United States of America,Georgia,1999,50
United States of America,Ghana,1999,5
United States of America,Guinea,1999,6
United States of America,Haiti,1999,91
United States of America,Croatia,1999,1660
United States of America,Côte d'Ivoire,1999,5
United States of America,Indonesia,1999,26
United States of America,Iran (Islamic Rep. of),1999,1739
United States of America,Iraq,1999,1955
United States of America,Kazakhstan,1999,406
United States of America,Kenya,1999,2
United States of America,Kyrgyzstan,1999,139
United States of America,Lao People's Dem. Rep.,1999,19
United States of America,Liberia,1999,2495
United States of America,Sri Lanka,1999,5
United States of America,Lithuania,1999,13
United States of America,Latvia,1999,160
United States of America,Mauritania,1999,1
United States of America,The former Yugoslav Rep. of Macedonia,1999,3
United States of America,Rep. of Moldova,1999,1019
United States of America,Myanmar,1999,295
United States of America,Nigeria,1999,625
United States of America,Peru,1999,1
United States of America,Poland,1999,2
United States of America,Romania,1999,2
United States of America,Russian Federation,1999,4256
United States of America,Rwanda,1999,153
United States of America,Sierra Leone,1999,675
United States of America,Somalia,1999,4317
United States of America,Serbia and Kosovo (S/RES/1244 (1999)),1999,14280
United States of America,Viet Nam,1999,9863
United States of America,Sudan,1999,2392
United States of America,Slovenia,1999,2
United States of America,Syrian Arab Rep.,1999,2
United States of America,United Rep. of Tanzania,1999,1
United States of America,Tajikistan,1999,9
United States of America,Turkmenistan,1999,16
United States of America,Togo,1999,93
United States of America,Uganda,1999,12
United States of America,Ukraine,1999,8563
United States of America,Uzbekistan,1999,815
United States of America,Various/unknown,1999,192
United States of America,Yemen,1999,1
United States of America,Afghanistan,2000,1710
United States of America,Albania,2000,1
United States of America,Algeria,2000,57
United States of America,Angola,2000,2
United States of America,Egypt,2000,6
United States of America,Armenia,2000,9
United States of America,Azerbaijan,2000,250
United States of America,Burundi,2000,165
United States of America,Belarus,2000,998
United States of America,Bosnia and Herzegovina,2000,19027
United States of America,China,2000,1
United States of America,Cameroon,2000,7
United States of America,Congo,2000,11
United States of America,Dem. Rep. of the Congo,2000,1352
United States of America,Cuba,2000,3184
United States of America,Eritrea,2000,94
United States of America,Estonia,2000,61
United States of America,Ethiopia,2000,1346
United States of America,Gambia,2000,13
United States of America,Georgia,2000,24
United States of America,Ghana,2000,3
United States of America,Guinea,2000,1
United States of America,Haiti,2000,49
United States of America,Croatia,2000,2995
United States of America,Indonesia,2000,14
United States of America,Iran (Islamic Rep. of),2000,5100
United States of America,Iraq,2000,3152
United States of America,Jordan,2000,5
United States of America,Kazakhstan,2000,280
United States of America,Kenya,2000,11
United States of America,Kyrgyzstan,2000,146
United States of America,Kuwait,2000,13
United States of America,Lao People's Dem. Rep.,2000,64
United States of America,Liberia,2000,2613
United States of America,Sri Lanka,2000,4
United States of America,Lithuania,2000,9
United States of America,Latvia,2000,97
United States of America,The former Yugoslav Rep. of Macedonia,2000,2
United States of America,Rep. of Moldova,2000,1022
United States of America,Myanmar,2000,637
United States of America,Nigeria,2000,50
United States of America,Pakistan,2000,6
United States of America,Romania,2000,4
United States of America,Russian Federation,2000,3486
United States of America,Rwanda,2000,345
United States of America,Sierra Leone,2000,1128
United States of America,Somalia,2000,6026
United States of America,Serbia and Kosovo (S/RES/1244 (1999)),2000,520
United States of America,Viet Nam,2000,3845
United States of America,Sudan,2000,3833
United States of America,Syrian Arab Rep.,2000,18
United States of America,Tajikistan,2000,24
United States of America,Turkmenistan,2000,1
United States of America,Togo,2000,510
United States of America,Uganda,2000,18
United States of America,Ukraine,2000,7180
United States of America,Uzbekistan,2000,689
United States of America,Various/unknown,2000,296
United States of America,Yemen,2000,1
United States of America,Afghanistan,2001,2964
United States of America,Albania,2001,3
United States of America,Algeria,2001,31
United States of America,Angola,2001,34
United States of America,Egypt,2001,8
United States of America,Argentina,2001,5
United States of America,Armenia,2001,27
United States of America,Azerbaijan,2001,434
United States of America,Burundi,2001,109
United States of America,Belarus,2001,914
United States of America,Bosnia and Herzegovina,2001,14594
United States of America,Cambodia,2001,23
United States of America,China,2001,12
United States of America,Cameroon,2001,5
United States of America,Congo,2001,6
United States of America,Dem. Rep. of the Congo,2001,256
United States of America,Cuba,2001,2944
United States of America,Eritrea,2001,109
United States of America,Estonia,2001,49
United States of America,Ethiopia,2001,1429
United States of America,Gambia,2001,5
United States of America,Georgia,2001,47
United States of America,Guinea,2001,4
United States of America,Haiti,2001,23
United States of America,Croatia,2001,1020
United States of America,Côte d'Ivoire,2001,1
United States of America,Indonesia,2001,5
United States of America,Iran (Islamic Rep. of),2001,6582
United States of America,Iraq,2001,2473
United States of America,Kazakhstan,2001,280
United States of America,Kenya,2001,13
United States of America,Kyrgyzstan,2001,100
United States of America,Lao People's Dem. Rep.,2001,22
United States of America,Liberia,2001,3415
United States of America,Libya,2001,5
United States of America,Sri Lanka,2001,2
United States of America,Lithuania,2001,30
United States of America,Latvia,2001,117
United States of America,Mauritania,2001,202
United States of America,The former Yugoslav Rep. of Macedonia,2001,2
United States of America,Rep. of Moldova,2001,1055
United States of America,Myanmar,2001,543
United States of America,Nigeria,2001,81
United States of America,Pakistan,2001,3
United States of America,Russian Federation,2001,4089
United States of America,Rwanda,2001,94
United States of America,Sierra Leone,2001,1999
United States of America,Somalia,2001,4939
United States of America,Serbia and Kosovo (S/RES/1244 (1999)),2001,151
United States of America,Viet Nam,2001,3109
United States of America,Sudan,2001,5958
United States of America,Syrian Arab Rep.,2001,8
United States of America,Tajikistan,2001,9
United States of America,Turkmenistan,2001,7
United States of America,Togo,2001,279
United States of America,Uganda,2001,12
United States of America,Ukraine,2001,6939
United States of America,Uzbekistan,2001,672
United States of America,Various/unknown,2001,175
United States of America,Afghanistan,2002,1649
United States of America,Albania,2002,5
United States of America,Angola,2002,16
United States of America,Armenia,2002,30
United States of America,Azerbaijan,2002,115
United States of America,Burundi,2002,62
United States of America,Bosnia and Herzegovina,2002,4865
United States of America,China,2002,11
United States of America,Cameroon,2002,6
United States of America,Congo,2002,20
United States of America,Dem. Rep. of the Congo,2002,86
United States of America,Colombia,2002,7
United States of America,Cuba,2002,1901
United States of America,Eritrea,2002,9
United States of America,Estonia,2002,39
United States of America,Ethiopia,2002,311
United States of America,United Kingdom of Great Britain and Northern Ireland,2002,1
United States of America,Georgia,2002,14
United States of America,Guinea,2002,5
United States of America,Haiti,2002,4
United States of America,Croatia,2002,408
United States of America,Côte d'Ivoire,2002,4
United States of America,Indonesia,2002,18
United States of America,Iran (Islamic Rep. of),2002,1430
United States of America,Iraq,2002,457
United States of America,Kazakhstan,2002,218
United States of America,Kenya,2002,24
United States of America,Kyrgyzstan,2002,67
United States of America,Kuwait,2002,6
United States of America,Lao People's Dem. Rep.,2002,18
United States of America,Liberia,2002,520
United States of America,Lebanon,2002,8
United States of America,Sri Lanka,2002,5
United States of America,Lithuania,2002,1
United States of America,Latvia,2002,58
United States of America,Mauritania,2002,6
United States of America,The former Yugoslav Rep. of Macedonia,2002,4
United States of America,Rep. of Moldova,2002,1014
United States of America,Myanmar,2002,125
United States of America,Nigeria,2002,26
United States of America,Romania,2002,1
United States of America,Russian Federation,2002,2129
United States of America,Rwanda,2002,36
United States of America,Senegal,2002,2
United States of America,Sierra Leone,2002,101
United States of America,Somalia,2002,295
United States of America,Viet Nam,2002,2855
United States of America,Sudan,2002,815
United States of America,Syrian Arab Rep.,2002,4
United States of America,United Rep. of Tanzania,2002,4
United States of America,Tajikistan,2002,4
United States of America,Turkmenistan,2002,1
United States of America,Togo,2002,14
United States of America,Uganda,2002,2
United States of America,Ukraine,2002,5020
United States of America,Uzbekistan,2002,400
United States of America,Various/unknown,2002,1061
United States of America,Afghanistan,2003,1453
United States of America,Albania,2003,2
United States of America,Algeria,2003,4
United States of America,Angola,2003,21
United States of America,Armenia,2003,63
United States of America,Azerbaijan,2003,406
United States of America,Burundi,2003,16
United States of America,Bangladesh,2003,1
United States of America,Belarus,2003,702
United States of America,Bosnia and Herzegovina,2003,525
United States of America,Cambodia,2003,7
United States of America,China,2003,9
United States of America,Cameroon,2003,6
United States of America,Congo,2003,41
United States of America,Dem. Rep. of the Congo,2003,251
United States of America,Colombia,2003,149
United States of America,Cuba,2003,303
United States of America,Eritrea,2003,23
United States of America,Estonia,2003,28
United States of America,Ethiopia,2003,1704
United States of America,Gambia,2003,12
United States of America,Georgia,2003,53
United States of America,Guinea,2003,2
United States of America,Croatia,2003,144
United States of America,Côte d'Ivoire,2003,4
United States of America,Indonesia,2003,17
United States of America,Iran (Islamic Rep. of),2003,2471
United States of America,Iraq,2003,298
United States of America,Kazakhstan,2003,118
United States of America,Kenya,2003,3
United States of America,Kyrgyzstan,2003,46
United States of America,Lao People's Dem. Rep.,2003,13
United States of America,Liberia,2003,2957
United States of America,Sri Lanka,2003,7
United States of America,Lithuania,2003,21
United States of America,Latvia,2003,49
United States of America,The former Yugoslav Rep. of Macedonia,2003,13
United States of America,Rep. of Moldova,2003,616
United States of America,Myanmar,2003,203
United States of America,Nigeria,2003,57
United States of America,Pakistan,2003,18
United States of America,Philippines,2003,1
United States of America,Russian Federation,2003,1394
United States of America,Rwanda,2003,47
United States of America,Sierra Leone,2003,1378
United States of America,Somalia,2003,1993
United States of America,Serbia and Kosovo (S/RES/1244 (1999)),2003,38
United States of America,Viet Nam,2003,1472
United States of America,Sudan,2003,2140
United States of America,Slovakia,2003,1
United States of America,Syrian Arab Rep.,2003,3
United States of America,Thailand,2003,2
United States of America,Tajikistan,2003,13
United States of America,Turkmenistan,2003,4
United States of America,Togo,2003,39
United States of America,Uganda,2003,1
United States of America,Ukraine,2003,5065
United States of America,Uzbekistan,2003,166
United States of America,Various/unknown,2003,1827
United States of America,Yemen,2003,1
United States of America,Zambia,2003,1
United States of America,Afghanistan,2004,959
United States of America,Albania,2004,2
United States of America,Algeria,2004,1
United States of America,Angola,2004,20
United States of America,Egypt,2004,3
United States of America,Armenia,2004,88
United States of America,Azerbaijan,2004,407
United States of America,Burundi,2004,276
United States of America,Belarus,2004,659
United States of America,Bosnia and Herzegovina,2004,244
United States of America,Cambodia,2004,3
United States of America,Central African Rep.,2004,24
United States of America,Chad,2004,4
United States of America,China,2004,3
United States of America,Cameroon,2004,1
United States of America,Congo,2004,73
United States of America,Dem. Rep. of the Congo,2004,569
United States of America,Colombia,2004,577
United States of America,Costa Rica,2004,1
United States of America,Cuba,2004,2958
United States of America,Djibouti,2004,6
United States of America,Ecuador,2004,2
United States of America,Eritrea,2004,128
United States of America,Estonia,2004,27
United States of America,Ethiopia,2004,2710
United States of America,Gambia,2004,3
United States of America,Georgia,2004,33
United States of America,Ghana,2004,1
United States of America,Haiti,2004,17
United States of America,Croatia,2004,92
United States of America,India,2004,1
United States of America,Indonesia,2004,5
United States of America,Iran (Islamic Rep. of),2004,1787
United States of America,Iraq,2004,66
United States of America,Israel,2004,1
United States of America,Kazakhstan,2004,312
United States of America,Kyrgyzstan,2004,100
United States of America,Kuwait,2004,14
United States of America,Lao People's Dem. Rep.,2004,6005
United States of America,Liberia,2004,7140
United States of America,Lebanon,2004,2
United States of America,Sri Lanka,2004,1
United States of America,Lithuania,2004,13
United States of America,Latvia,2004,52
United States of America,Rep. of Moldova,2004,1711
United States of America,Myanmar,2004,1056
United States of America,Nepal,2004,1
United States of America,Nigeria,2004,34
United States of America,Pakistan,2004,11
United States of America,Russian Federation,2004,1446
United States of America,Rwanda,2004,176
United States of America,Sierra Leone,2004,1084
United States of America,Somalia,2004,13331
United States of America,Serbia and Kosovo (S/RES/1244 (1999)),2004,151
United States of America,Viet Nam,2004,1007
United States of America,Sudan,2004,3500
United States of America,Tajikistan,2004,2
United States of America,Turkmenistan,2004,7
United States of America,Togo,2004,35
United States of America,Uganda,2004,8
United States of America,Ukraine,2004,3482
United States of America,Uzbekistan,2004,426
United States of America,Yemen,2004,8
United States of America,Zambia,2004,2
United States of America,Afghanistan,2005,902
United States of America,Algeria,2005,1
United States of America,Angola,2005,21
United States of America,Armenia,2005,86
United States of America,Azerbaijan,2005,299
United States of America,Burundi,2005,214
United States of America,Belarus,2005,445
United States of America,Bosnia and Herzegovina,2005,61
United States of America,Cambodia,2005,9
United States of America,China,2005,13
United States of America,Cameroon,2005,6
United States of America,Congo,2005,43
United States of America,Dem. Rep. of the Congo,2005,424
United States of America,Colombia,2005,323
United States of America,Cuba,2005,6361
United States of America,Ecuador,2005,8
United States of America,Equatorial Guinea,2005,25
United States of America,Eritrea,2005,329
United States of America,Estonia,2005,17
United States of America,Ethiopia,2005,1665
United States of America,Georgia,2005,11
United States of America,Germany,2005,1
United States of America,Ghana,2005,1
United States of America,Haiti,2005,8
United States of America,Croatia,2005,39
United States of America,Côte d'Ivoire,2005,5
United States of America,India,2005,1
United States of America,Indonesia,2005,6
United States of America,Iran (Islamic Rep. of),2005,1856
United States of America,Iraq,2005,198
United States of America,Israel,2005,2
United States of America,Kazakhstan,2005,80
United States of America,Kenya,2005,1
United States of America,Kyrgyzstan,2005,38
United States of America,Lao People's Dem. Rep.,2005,8517
United States of America,Liberia,2005,4289
United States of America,Lithuania,2005,9
United States of America,Latvia,2005,25
United States of America,Madagascar,2005,1
United States of America,Mauritania,2005,3
United States of America,Rep. of Moldova,2005,1016
United States of America,Myanmar,2005,1447
United States of America,Namibia,2005,4
United States of America,Nigeria,2005,11
United States of America,Pakistan,2005,9
United States of America,Russian Federation,2005,5982
United States of America,Rwanda,2005,183
United States of America,Senegal,2005,1
United States of America,Sierra Leone,2005,829
United States of America,Somalia,2005,10405
United States of America,Serbia and Kosovo (S/RES/1244 (1999)),2005,40
United States of America,Viet Nam,2005,2079
United States of America,Sudan,2005,2205
United States of America,Syrian Arab Rep.,2005,7
United States of America,Tajikistan,2005,6
United States of America,Turkmenistan,2005,1
United States of America,Togo,2005,72
United States of America,Uganda,2005,10
United States of America,Ukraine,2005,2889
United States of America,Uzbekistan,2005,271
United States of America,Yemen,2005,1
United States of America,Zimbabwe,2005,2
United States of America,Afghanistan,2006,658
United States of America,Albania,2006,1
United States of America,Algeria,2006,1
United States of America,Angola,2006,13
United States of America,Egypt,2006,2
United States of America,Armenia,2006,87
United States of America,Azerbaijan,2006,77
United States of America,Burundi,2006,466
United States of America,Bangladesh,2006,2
United States of America,Bhutan,2006,3
United States of America,Belarus,2006,350
United States of America,Bosnia and Herzegovina,2006,16
United States of America,Cambodia,2006,9
United States of America,Central African Rep.,2006,23
United States of America,Chad,2006,4
United States of America,China,2006,21
United States of America,Cameroon,2006,29
United States of America,Congo,2006,66
United States of America,Dem. Rep. of the Congo,2006,405
United States of America,Colombia,2006,115
United States of America,Costa Rica,2006,2
United States of America,Cuba,2006,3135
United States of America,Equatorial Guinea,2006,11
United States of America,Eritrea,2006,539
United States of America,Estonia,2006,7
United States of America,Ethiopia,2006,1271
United States of America,Gambia,2006,6
United States of America,Georgia,2006,4
United States of America,Ghana,2006,7
United States of America,Croatia,2006,1
United States of America,Côte d'Ivoire,2006,23
United States of America,Indonesia,2006,10
United States of America,Iran (Islamic Rep. of),2006,2792
United States of America,Iraq,2006,202
United States of America,Kazakhstan,2006,124
United States of America,Kenya,2006,5
United States of America,Kyrgyzstan,2006,15
United States of America,Dem. People's Rep. of Korea,2006,9
United States of America,Lao People's Dem. Rep.,2006,830
United States of America,Liberia,2006,2402
United States of America,Sri Lanka,2006,6
United States of America,Latvia,2006,21
United States of America,Mauritania,2006,88
United States of America,The former Yugoslav Rep. of Macedonia,2006,1
United States of America,Rep. of Moldova,2006,720
United States of America,Myanmar,2006,1612
United States of America,Nepal,2006,1
United States of America,Niger,2006,1
United States of America,Nigeria,2006,15
United States of America,Pakistan,2006,20
United States of America,Russian Federation,2006,6003
United States of America,Rwanda,2006,112
United States of America,Senegal,2006,2
United States of America,Sierra Leone,2006,439
United States of America,Somalia,2006,10356
United States of America,Viet Nam,2006,3168
United States of America,Sudan,2006,1848
United States of America,Syrian Arab Rep.,2006,27
United States of America,Tajikistan,2006,4
United States of America,Turkmenistan,2006,3
United States of America,Togo,2006,18
United States of America,Uganda,2006,20
United States of America,Ukraine,2006,2483
United States of America,Uzbekistan,2006,527
United States of America,Various/unknown,2006,11
United States of America,Venezuela (Bolivarian Republic of),2006,4
United States of America,Yemen,2006,11
United States of America,Zimbabwe,2006,13
United States of America,Afghanistan,2007,441
United States of America,Angola,2007,4
United States of America,Egypt,2007,3
United States of America,Armenia,2007,29
United States of America,Austria,2007,1
United States of America,Azerbaijan,2007,78
United States of America,Burundi,2007,4545
United States of America,Benin,2007,1
United States of America,Burkina Faso,2007,6
United States of America,Belarus,2007,219
United States of America,Bosnia and Herzegovina,2007,2
United States of America,Cambodia,2007,15
United States of America,Central African Rep.,2007,15
United States of America,Chad,2007,10
United States of America,China,2007,27
United States of America,Cameroon,2007,5
United States of America,Congo,2007,206
United States of America,Dem. Rep. of the Congo,2007,848
United States of America,Colombia,2007,54
United States of America,Cuba,2007,2922
United States of America,Equatorial Guinea,2007,14
United States of America,Eritrea,2007,963
United States of America,Estonia,2007,6
United States of America,Ethiopia,2007,1028
United States of America,France,2007,1
United States of America,Gambia,2007,13
United States of America,Georgia,2007,7
United States of America,Ghana,2007,4
United States of America,Guinea,2007,1
United States of America,Côte d'Ivoire,2007,11
United States of America,Iran (Islamic Rep. of),2007,5481
United States of America,Iraq,2007,1608
United States of America,Israel,2007,1
United States of America,Jordan,2007,3
United States of America,Kazakhstan,2007,45
United States of America,Kyrgyzstan,2007,17
United States of America,Dem. People's Rep. of Korea,2007,22
United States of America,Kuwait,2007,24
United States of America,Lao People's Dem. Rep.,2007,117
United States of America,Liberia,2007,1606
United States of America,Sri Lanka,2007,2
United States of America,Lithuania,2007,4
United States of America,Latvia,2007,17
United States of America,Mauritania,2007,62
United States of America,Rep. of Moldova,2007,565
United States of America,Myanmar,2007,13896
United States of America,Nepal,2007,3
United States of America,Nigeria,2007,20
United States of America,Pakistan,2007,30
United States of America,Russian Federation,2007,1773
United States of America,Rwanda,2007,202
United States of America,Sierra Leone,2007,166
United States of America,Somalia,2007,6969
United States of America,Viet Nam,2007,1564
United States of America,Sudan,2007,704
United States of America,Syrian Arab Rep.,2007,17
United States of America,Thailand,2007,2
United States of America,Turkmenistan,2007,2
United States of America,Togo,2007,40
United States of America,Uganda,2007,38
United States of America,Ukraine,2007,1605
United States of America,Uzbekistan,2007,190
United States of America,Yemen,2007,6
United States of America,Zimbabwe,2007,1
United States of America,Afghanistan,2008,576
United States of America,Egypt,2008,5
United States of America,Armenia,2008,9
United States of America,Azerbaijan,2008,30
United States of America,Burundi,2008,2889
United States of America,Bhutan,2008,5320
United States of America,Belarus,2008,111
United States of America,Cambodia,2008,8
United States of America,Central African Rep.,2008,56
United States of America,Chad,2008,23
United States of America,China,2008,43
United States of America,Cameroon,2008,2
United States of America,Congo,2008,197
United States of America,Dem. Rep. of the Congo,2008,727
United States of America,Colombia,2008,94
United States of America,Cuba,2008,4177
United States of America,Ecuador,2008,3
United States of America,Eritrea,2008,251
United States of America,Estonia,2008,6
United States of America,Ethiopia,2008,299
United States of America,Gambia,2008,6
United States of America,Palestinian,2008,9
United States of America,Georgia,2008,20
United States of America,Guinea-Bissau,2008,2
United States of America,Guinea,2008,3
United States of America,Côte d'Ivoire,2008,30
United States of America,Iran (Islamic Rep. of),2008,5270
United States of America,Iraq,2008,13823
United States of America,Kazakhstan,2008,62
United States of America,Kyrgyzstan,2008,25
United States of America,Dem. People's Rep. of Korea,2008,37
United States of America,Kuwait,2008,1
United States of America,Lao People's Dem. Rep.,2008,59
United States of America,Liberia,2008,992
United States of America,Lebanon,2008,2
United States of America,Sri Lanka,2008,1
United States of America,Latvia,2008,6
United States of America,Mauritania,2008,26
United States of America,Rep. of Moldova,2008,487
United States of America,Morocco,2008,3
United States of America,Myanmar,2008,18139
United States of America,Nepal,2008,4
United States of America,Nigeria,2008,76
United States of America,Pakistan,2008,104
United States of America,Russian Federation,2008,426
United States of America,Rwanda,2008,108
United States of America,Senegal,2008,1
United States of America,Sierra Leone,2008,99
United States of America,Somalia,2008,2523
United States of America,Serbia and Kosovo (S/RES/1244 (1999)),2008,1
United States of America,Viet Nam,2008,1196
United States of America,Sudan,2008,375
United States of America,Syrian Arab Rep.,2008,24
United States of America,United Rep. of Tanzania,2008,1
United States of America,Tajikistan,2008,2
United States of America,Turkmenistan,2008,2
United States of America,Togo,2008,204
United States of America,Turkey,2008,6
United States of America,Uganda,2008,42
United States of America,Ukraine,2008,1022
United States of America,Uzbekistan,2008,134
United States of America,Various/unknown,2008,7
United States of America,Venezuela (Bolivarian Republic of),2008,3
United States of America,Zimbabwe,2008,3
United States of America,Afghanistan,2009,338
United States of America,Albania,2009,1
United States of America,Angola,2009,119
United States of America,Egypt,2009,19
United States of America,Armenia,2009,4
United States of America,Azerbaijan,2009,34
United States of America,Burundi,2009,523
United States of America,Bhutan,2009,15077
United States of America,Belarus,2009,148
United States of America,Cambodia,2009,12
United States of America,Central African Rep.,2009,68
United States of America,Chad,2009,14
United States of America,China,2009,77
United States of America,Cameroon,2009,3
United States of America,Congo,2009,346
United States of America,Dem. Rep. of the Congo,2009,1134
United States of America,Colombia,2009,85
United States of America,Cuba,2009,4790
United States of America,Djibouti,2009,3
United States of America,Equatorial Guinea,2009,18
United States of America,Eritrea,2009,1917
United States of America,Estonia,2009,2
United States of America,Ethiopia,2009,345
United States of America,Gabon,2009,1
United States of America,Gambia,2009,3
United States of America,Palestinian,2009,188
United States of America,Georgia,2009,2
United States of America,Ghana,2009,1
United States of America,Guinea,2009,3
United States of America,Côte d'Ivoire,2009,9
United States of America,Iran (Islamic Rep. of),2009,5437
United States of America,Iraq,2009,19477
United States of America,Jordan,2009,3
United States of America,Kazakhstan,2009,54
United States of America,Kenya,2009,1
United States of America,Kyrgyzstan,2009,60
United States of America,Dem. People's Rep. of Korea,2009,18
United States of America,Kuwait,2009,5
United States of America,Lao People's Dem. Rep.,2009,6
United States of America,Liberia,2009,447
United States of America,Libya,2009,1
United States of America,Lebanon,2009,3
United States of America,Sri Lanka,2009,56
United States of America,Lithuania,2009,1
United States of America,Latvia,2009,1
United States of America,Madagascar,2009,3
United States of America,Mauritania,2009,13
United States of America,Rep. of Moldova,2009,497
United States of America,Morocco,2009,2
United States of America,Myanmar,2009,19920
United States of America,Nepal,2009,7
United States of America,Nigeria,2009,1
United States of America,Pakistan,2009,83
United States of America,Russian Federation,2009,453
United States of America,Rwanda,2009,111
United States of America,Sierra Leone,2009,60
United States of America,Somalia,2009,4620
United States of America,Viet Nam,2009,1754
United States of America,Sudan,2009,705
United States of America,Syrian Arab Rep.,2009,32
United States of America,Thailand,2009,2
United States of America,Turkmenistan,2009,8
United States of America,Togo,2009,5
United States of America,Uganda,2009,12
United States of America,Ukraine,2009,552
United States of America,Uzbekistan,2009,170
United States of America,Venezuela (Bolivarian Republic of),2009,3
United States of America,Yemen,2009,58
United States of America,Zambia,2009,1
United States of America,Zimbabwe,2009,11
United States of America,Afghanistan,2010,527
United States of America,Algeria,2010,2
United States of America,Egypt,2010,6
United States of America,Armenia,2010,4
United States of America,Azerbaijan,2010,21
United States of America,Burundi,2010,435
United States of America,Benin,2010,1
United States of America,Bangladesh,2010,2
United States of America,Bhutan,2010,11729
United States of America,Burkina Faso,2010,1
United States of America,Belarus,2010,82
United States of America,Cambodia,2010,7
United States of America,Central African Rep.,2010,71
United States of America,Chad,2010,43
United States of America,China,2010,49
United States of America,Cameroon,2010,5
United States of America,Congo,2010,72
United States of America,Dem. Rep. of the Congo,2010,3160
United States of America,Colombia,2010,96
United States of America,Cuba,2010,4865
United States of America,Eritrea,2010,2517
United States of America,Ethiopia,2010,663
United States of America,Gabon,2010,2
United States of America,Gambia,2010,9
United States of America,Palestinian,2010,993
United States of America,Georgia,2010,10
United States of America,Guinea-Bissau,2010,4
United States of America,Guinea,2010,9
United States of America,Haiti,2010,18
United States of America,Honduras,2010,20
United States of America,Côte d'Ivoire,2010,5
United States of America,India,2010,1
United States of America,Iran (Islamic Rep. of),2010,2979
United States of America,Iraq,2010,18251
United States of America,Jordan,2010,4
United States of America,Kazakhstan,2010,27
United States of America,Kyrgyzstan,2010,34
United States of America,Dem. People's Rep. of Korea,2010,17
United States of America,Kuwait,2010,39
United States of America,Lao People's Dem. Rep.,2010,135
United States of America,Liberia,2010,181
United States of America,Lebanon,2010,1
United States of America,Sri Lanka,2010,117
United States of America,Lithuania,2010,3
United States of America,Mauritania,2010,66
United States of America,Rep. of Moldova,2010,257
United States of America,Malaysia,2010,2
United States of America,Myanmar,2010,17176
United States of America,Nigeria,2010,2
United States of America,Pakistan,2010,43
United States of America,Russian Federation,2010,265
United States of America,Rwanda,2010,202
United States of America,Senegal,2010,2
United States of America,Sierra Leone,2010,48
United States of America,Somalia,2010,4401
United States of America,Viet Nam,2010,470
United States of America,Sudan,2010,505
United States of America,Syrian Arab Rep.,2010,24
United States of America,Thailand,2010,7
United States of America,Tajikistan,2010,3
United States of America,Turkmenistan,2010,4
United States of America,Togo,2010,10
United States of America,Tunisia,2010,1
United States of America,Turkey,2010,3
United States of America,United Arab Emirates,2010,1
United States of America,Uganda,2010,21
United States of America,Ukraine,2010,428
United States of America,Uzbekistan,2010,194
United States of America,Yemen,2010,4
United States of America,Zimbabwe,2010,6
United States of America,Afghanistan,2011,392
United States of America,Angola,2011,2
United States of America,Egypt,2011,7
United States of America,Armenia,2011,12
United States of America,Azerbaijan,2011,6
United States of America,Burundi,2011,129
United States of America,Belgium,2011,75
United States of America,Bhutan,2011,14735
United States of America,Cambodia,2011,10
United States of America,Central African Rep.,2011,183
United States of America,Chad,2011,2
United States of America,China,2011,34
United States of America,Congo,2011,32
United States of America,Dem. Rep. of the Congo,2011,1206
United States of America,Colombia,2011,49
United States of America,Cuba,2011,2151
United States of America,Eritrea,2011,1817
United States of America,Ethiopia,2011,594
United States of America,Gabon,2011,4
United States of America,Gambia,2011,7
United States of America,Palestinian,2011,86
United States of America,Georgia,2011,17
United States of America,Ghana,2011,1
United States of America,Guatemala,2011,5
United States of America,Guinea,2011,1
United States of America,Honduras,2011,5
United States of America,Côte d'Ivoire,2011,7
United States of America,India,2011,6
United States of America,Indonesia,2011,1
United States of America,Iran (Islamic Rep. of),2011,2100
United States of America,Iraq,2011,6339
United States of America,Jordan,2011,4
United States of America,Kazakhstan,2011,55
United States of America,Kenya,2011,1
United States of America,Kyrgyzstan,2011,15
United States of America,Dem. People's Rep. of Korea,2011,16
United States of America,Kuwait,2011,5
United States of America,Lao People's Dem. Rep.,2011,115
United States of America,Liberia,2011,132
United States of America,Libya,2011,1
United States of America,Lebanon,2011,1
United States of America,Sri Lanka,2011,60
United States of America,Latvia,2011,4
United States of America,Mauritania,2011,3
United States of America,Rep. of Moldova,2011,303
United States of America,Malaysia,2011,4
United States of America,Myanmar,2011,15713
United States of America,Nepal,2011,14
United States of America,Netherlands,2011,1
United States of America,Nigeria,2011,1
United States of America,Pakistan,2011,111
United States of America,Russian Federation,2011,161
United States of America,Rwanda,2011,86
United States of America,Saudi Arabia,2011,1
United States of America,Senegal,2011,1
United States of America,Sierra Leone,2011,20
United States of America,Somalia,2011,3453
United States of America,Viet Nam,2011,120
United States of America,Sudan,2011,442
United States of America,Sweden,2011,1
United States of America,Syrian Arab Rep.,2011,23
United States of America,United Rep. of Tanzania,2011,2
United States of America,Thailand,2011,2
United States of America,Turkmenistan,2011,2
United States of America,Togo,2011,11
United States of America,Tunisia,2011,1
United States of America,Uganda,2011,12
United States of America,Ukraine,2011,458
United States of America,Uzbekistan,2011,83
United States of America,Zimbabwe,2011,5
United States of America,Afghanistan,2012,578
United States of America,Egypt,2012,10
United States of America,Armenia,2012,8
United States of America,Azerbaijan,2012,12
United States of America,Burundi,2012,183
United States of America,Bhutan,2012,14459
United States of America,Belarus,2012,66
United States of America,Cambodia,2012,1
United States of America,Canada,2012,1
United States of America,Central African Rep.,2012,107
United States of America,Chad,2012,16
United States of America,China,2012,63
United States of America,Cameroon,2012,7
United States of America,Congo,2012,141
United States of America,Dem. Rep. of the Congo,2012,2132
United States of America,Colombia,2012,173
United States of America,Cuba,2012,2707
United States of America,Eritrea,2012,1817
United States of America,Estonia,2012,1
United States of America,Ethiopia,2012,820
United States of America,Gambia,2012,4
United States of America,Palestinian,2012,177
United States of America,Georgia,2012,4
United States of America,Guinea,2012,1
United States of America,Côte d'Ivoire,2012,33
United States of America,India,2012,1
United States of America,Iran (Islamic Rep. of),2012,1974
United States of America,Iraq,2012,16369
United States of America,Jordan,2012,3
United States of America,Kazakhstan,2012,11
United States of America,Kenya,2012,26
United States of America,Kyrgyzstan,2012,55
United States of America,Dem. People's Rep. of Korea,2012,23
United States of America,Kuwait,2012,4
United States of America,Lao People's Dem. Rep.,2012,18
United States of America,Liberia,2012,56
United States of America,Libya,2012,5
United States of America,Sri Lanka,2012,52
United States of America,Rep. of Moldova,2012,294
United States of America,Mali,2012,1
United States of America,Morocco,2012,2
United States of America,Myanmar,2012,15112
United States of America,Nepal,2012,47
United States of America,Niger,2012,4
United States of America,Nigeria,2012,2
United States of America,Pakistan,2012,241
United States of America,South Africa,2012,1
United States of America,Russian Federation,2012,198
United States of America,Rwanda,2012,165
United States of America,Senegal,2012,5
United States of America,Sierra Leone,2012,1
United States of America,Somalia,2012,5891
United States of America,Viet Nam,2012,87
United States of America,South Sudan,2012,2
United States of America,Sudan,2012,1529
United States of America,Syrian Arab Rep.,2012,41
United States of America,Thailand,2012,3
United States of America,Togo,2012,23
United States of America,Tunisia,2012,1
United States of America,Uganda,2012,20
United States of America,Ukraine,2012,346
United States of America,Uzbekistan,2012,139
United States of America,Venezuela (Bolivarian Republic of),2012,7
United States of America,Yemen,2012,7
United States of America,Zambia,2012,2
United States of America,Afghanistan,2013,678
United States of America,Algeria,2013,2
United States of America,Angola,2013,6
United States of America,Egypt,2013,13
United States of America,Armenia,2013,3
United States of America,Azerbaijan,2013,3
United States of America,Burundi,2013,166
United States of America,Belgium,2013,10
United States of America,Bangladesh,2013,1
United States of America,Bhutan,2013,9051
United States of America,Bulgaria,2013,1
United States of America,Cambodia,2013,42
United States of America,Central African Rep.,2013,316
United States of America,Chad,2013,28
United States of America,China,2013,97
United States of America,Congo,2013,117
United States of America,Dem. Rep. of the Congo,2013,2623
United States of America,Colombia,2013,186
United States of America,Cuba,2013,4101
United States of America,Eritrea,2013,1418
United States of America,Ethiopia,2013,672
United States of America,Gambia,2013,9
United States of America,Palestinian,2013,162
United States of America,Georgia,2013,1
United States of America,Guinea,2013,8
United States of America,Côte d'Ivoire,2013,29
United States of America,India,2013,11
United States of America,Indonesia,2013,6
United States of America,Iran (Islamic Rep. of),2013,2535
United States of America,Iraq,2013,18567
United States of America,Jordan,2013,63
United States of America,Kazakhstan,2013,5
United States of America,Kenya,2013,8
United States of America,Kyrgyzstan,2013,7
United States of America,Dem. People's Rep. of Korea,2013,14
United States of America,Kuwait,2013,11
United States of America,Liberia,2013,81
United States of America,Libya,2013,1
United States of America,Lebanon,2013,4
United States of America,Sri Lanka,2013,88
United States of America,Rep. of Moldova,2013,75
United States of America,Mali,2013,1
United States of America,Morocco,2013,1
United States of America,Myanmar,2013,14580
United States of America,Nepal,2013,101
United States of America,Nigeria,2013,6
United States of America,Pakistan,2013,159
United States of America,Philippines,2013,1
United States of America,Russian Federation,2013,93
United States of America,Rwanda,2013,125
United States of America,Senegal,2013,2
United States of America,Sierra Leone,2013,3
United States of America,Somalia,2013,7450
United States of America,Viet Nam,2013,63
United States of America,South Sudan,2013,34
United States of America,Sudan,2013,2044
United States of America,Syrian Arab Rep.,2013,45
United States of America,United Rep. of Tanzania,2013,1
United States of America,Thailand,2013,4
United States of America,Tajikistan,2013,4
United States of America,Turkmenistan,2013,8
United States of America,Togo,2013,15
United States of America,Tunisia,2013,1
United States of America,Uganda,2013,9
United States of America,Ukraine,2013,209
United States of America,Uzbekistan,2013,39
United States of America,Various/unknown,2013,15
United States of America,Yemen,2013,5
United States of America,Zimbabwe,2013,12
United States of America,Afghanistan,2014,696
United States of America,Armenia,2014,45
United States of America,Azerbaijan,2014,21
United States of America,Burundi,2014,133
United States of America,Bangladesh,2014,2
United States of America,Belarus,2014,60
United States of America,Bhutan,2014,7476
United States of America,Central African Rep.,2014,200
United States of America,China,2014,50
United States of America,Côte d'Ivoire,2014,39
United States of America,Cameroon,2014,9
United States of America,Dem. Rep. of the Congo,2014,5128
United States of America,Congo,2014,58
United States of America,Colombia,2014,461
United States of America,Cuba,2014,3703
United States of America,Ecuador,2014,23
United States of America,Egypt,2014,17
United States of America,Eritrea,2014,1409
United States of America,Ethiopia,2014,687
United States of America,Gabon,2014,3
United States of America,United Kingdom of Great Britain and Northern Ireland,2014,1
United States of America,Georgia,2014,15
United States of America,Ghana,2014,2
United States of America,Guinea,2014,10
United States of America,Gambia,2014,1
United States of America,Haiti,2014,4
United States of America,Indonesia,2014,18
United States of America,India,2014,23
United States of America,Iran (Islamic Rep. of),2014,2830
United States of America,Iraq,2014,20337
United States of America,Jordan,2014,25
United States of America,Kazakhstan,2014,46
United States of America,Kenya,2014,17
United States of America,Kyrgyzstan,2014,17
United States of America,Cambodia,2014,34
United States of America,Kuwait,2014,15
United States of America,Lao People's Dem. Rep.,2014,2
United States of America,Lebanon,2014,7
United States of America,Liberia,2014,28
United States of America,Libya,2014,1
United States of America,Sri Lanka,2014,68
United States of America,Morocco,2014,1
United States of America,The former Yugoslav Rep. of Macedonia,2014,241
United States of America,Mali,2014,2
United States of America,Myanmar,2014,15971
United States of America,Mauritania,2014,4
United States of America,Nepal,2014,126
United States of America,Pakistan,2014,229
United States of America,Philippines,2014,4
United States of America,Dem. People's Rep. of Korea,2014,15
United States of America,Palestinian,2014,140
United States of America,Russian Federation,2014,198
United States of America,Rwanda,2014,51
United States of America,Saudi Arabia,2014,2
United States of America,Sudan,2014,1043
United States of America,Singapore,2014,3
United States of America,Sierra Leone,2014,10
United States of America,Somalia,2014,10057
United States of America,Syrian Arab Rep.,2014,271
United States of America,Chad,2014,31
United States of America,Togo,2014,25
United States of America,Thailand,2014,8
United States of America,Turkmenistan,2014,2
United States of America,Tunisia,2014,2
United States of America,Uganda,2014,22
United States of America,Ukraine,2014,667
United States of America,Uzbekistan,2014,65
United States of America,Viet Nam,2014,80
United States of America,Yemen,2014,14
United States of America,South Africa,2014,3
United States of America,Zimbabwe,2014,3
United States of America,Afghanistan,2015,1168
United States of America,Angola,2015,5
United States of America,Armenia,2015,31
United States of America,Azerbaijan,2015,19
United States of America,Burundi,2015,1208
United States of America,Bangladesh,2015,3
United States of America,Belarus,2015,102
United States of America,Bhutan,2015,5764
United States of America,Central African Rep.,2015,108
United States of America,China,2015,33
United States of America,Côte d'Ivoire,2015,41
United States of America,Cameroon,2015,8
United States of America,Dem. Rep. of the Congo,2015,8206
United States of America,Congo,2015,22
United States of America,Colombia,2015,433
United States of America,Cuba,2015,1060
United States of America,Djibouti,2015,2
United States of America,Ecuador,2015,1
United States of America,Egypt,2015,11
United States of America,Eritrea,2015,1783
United States of America,Ethiopia,2015,682
United States of America,Georgia,2015,12
United States of America,Guinea,2015,2
United States of America,Gambia,2015,3
United States of America,Equatorial Guinea,2015,2
United States of America,Croatia,2015,1
United States of America,Indonesia,2015,9
United States of America,India,2015,1
United States of America,Iran (Islamic Rep. of),2015,3121
United States of America,Iraq,2015,10169
United States of America,Jamaica,2015,1
United States of America,Jordan,2015,4
United States of America,Kazakhstan,2015,58
United States of America,Kenya,2015,2
United States of America,Kyrgyzstan,2015,8
United States of America,Cambodia,2015,1
United States of America,Kuwait,2015,2
United States of America,Liberia,2015,11
United States of America,Sri Lanka,2015,86
United States of America,Rep. of Moldova,2015,259
United States of America,Mali,2015,8
United States of America,Myanmar,2015,17483
United States of America,Malaysia,2015,1
United States of America,Namibia,2015,1
United States of America,Nigeria,2015,3
United States of America,Netherlands,2015,1
United States of America,Nepal,2015,37
United States of America,Pakistan,2015,205
United States of America,Dem. People's Rep. of Korea,2015,14
United States of America,Palestinian,2015,79
United States of America,Russian Federation,2015,292
United States of America,Rwanda,2015,197
United States of America,Saudi Arabia,2015,5
United States of America,Sudan,2015,1688
United States of America,Senegal,2015,7
United States of America,Sierra Leone,2015,2
United States of America,El Salvador,2015,11
United States of America,Somalia,2015,7779
United States of America,South Sudan,2015,113
United States of America,Syrian Arab Rep.,2015,2192
United States of America,Chad,2015,6
United States of America,Togo,2015,5
United States of America,Thailand,2015,3
United States of America,Tajikistan,2015,15
United States of America,Turkmenistan,2015,5
United States of America,Tunisia,2015,7
United States of America,Turkey,2015,2
United States of America,Uganda,2015,66
United States of America,Ukraine,2015,1760
United States of America,Uzbekistan,2015,34
United States of America,Viet Nam,2015,39
United States of America,Yemen,2015,8
United States of America,South Africa,2015,2
United States of America,Zimbabwe,2015,5
United States of America,Afghanistan,2016,2930
United States of America,Angola,2016,3
United States of America,United Arab Emirates,2016,1
United States of America,Armenia,2016,64
United States of America,Azerbaijan,2016,39
United States of America,Burundi,2016,777
United States of America,Belgium,2016,2
United States of America,Burkina Faso,2016,1
United States of America,Bangladesh,2016,3
United States of America,Belarus,2016,187
United States of America,Bhutan,2016,5974
United States of America,Central African Rep.,2016,555
United States of America,China,2016,57
United States of America,Côte d'Ivoire,2016,65
United States of America,Cameroon,2016,18
United States of America,Dem. Rep. of the Congo,2016,19829
United States of America,Congo,2016,16
United States of America,Colombia,2016,476
United States of America,Cuba,2016,351
United States of America,Djibouti,2016,2
United States of America,Egypt,2016,27
United States of America,Eritrea,2016,2011
United States of America,Ethiopia,2016,1322
United States of America,Gabon,2016,2
United States of America,Georgia,2016,11
United States of America,Guinea,2016,5
United States of America,Gambia,2016,5
United States of America,Guatemala,2016,24
United States of America,Honduras,2016,140
United States of America,Croatia,2016,2
United States of America,Indonesia,2016,1
United States of America,India,2016,5
United States of America,Iran (Islamic Rep. of),2016,4152
United States of America,Iraq,2016,11332
United States of America,Jamaica,2016,1
United States of America,Jordan,2016,6
United States of America,Kazakhstan,2016,82
United States of America,Kenya,2016,6
United States of America,Kyrgyzstan,2016,54
United States of America,Cambodia,2016,17
United States of America,Kuwait,2016,6
United States of America,Lao People's Dem. Rep.,2016,7
United States of America,Liberia,2016,19
United States of America,Libya,2016,4
United States of America,Sri Lanka,2016,84
United States of America,Latvia,2016,8
United States of America,Morocco,2016,2
United States of America,Rep. of Moldova,2016,550
United States of America,Mali,2016,4
United States of America,Myanmar,2016,11572
United States of America,Mongolia,2016,3
United States of America,Malaysia,2016,3
United States of America,Nigeria,2016,7
United States of America,Norway,2016,2
United States of America,Nepal,2016,33
United States of America,Pakistan,2016,604
United States of America,Philippines,2016,2
United States of America,Dem. People's Rep. of Korea,2016,19
United States of America,Palestinian,2016,71
United States of America,Russian Federation,2016,527
United States of America,Rwanda,2016,150
United States of America,Sudan,2016,1479
United States of America,Senegal,2016,27
United States of America,Sierra Leone,2016,5
United States of America,El Salvador,2016,757
United States of America,Somalia,2016,10786
United States of America,Serbia and Kosovo: S/RES/1244 (1999),2016,2
United States of America,South Sudan,2016,221
United States of America,Sweden,2016,2
United States of America,Syrian Arab Rep.,2016,15479
United States of America,Chad,2016,7
United States of America,Togo,2016,14
United States of America,Thailand,2016,3
United States of America,Tajikistan,2016,2
United States of America,Tunisia,2016,2
United States of America,United Rep. of Tanzania,2016,1
United States of America,Uganda,2016,71
United States of America,Ukraine,2016,3642
United States of America,Uzbekistan,2016,46
United States of America,Viet Nam,2016,57
United States of America,Yemen,2016,27
United States of America,Zambia,2016,1
United States of America,Zimbabwe,2016,11
United States of America,Afghanistan,2017,806
United States of America,Armenia,2017,61
United States of America,Azerbaijan,2017,6
United States of America,Burundi,2017,136
United States of America,Burkina Faso,2017,*
United States of America,Bangladesh,2017,5
United States of America,Belarus,2017,99
United States of America,Bhutan,2017,3640
United States of America,Botswana,2017,*
United States of America,Central African Rep.,2017,104
United States of America,China,2017,15
United States of America,Côte d'Ivoire,2017,48
United States of America,Cameroon,2017,17
United States of America,Dem. Rep. of the Congo,2017,5352
United States of America,Congo,2017,*
United States of America,Colombia,2017,180
United States of America,Cuba,2017,87
United States of America,Djibouti,2017,*
United States of America,Egypt,2017,*
United States of America,Eritrea,2017,1868
United States of America,Ethiopia,2017,450
United States of America,Ghana,2017,*
United States of America,Guinea,2017,7
United States of America,Guatemala,2017,34
United States of America,Honduras,2017,51
United States of America,Indonesia,2017,*
United States of America,India,2017,*
United States of America,Iran (Islamic Rep. of),2017,1545
United States of America,Iraq,2017,3339
United States of America,Jordan,2017,*
United States of America,Kazakhstan,2017,30
United States of America,Kenya,2017,5
United States of America,Kyrgyzstan,2017,11
United States of America,Cambodia,2017,*
United States of America,Kuwait,2017,*
United States of America,Liberia,2017,5
United States of America,Sri Lanka,2017,9
United States of America,Rep. of Moldova,2017,266
United States of America,Mali,2017,*
United States of America,Myanmar,2017,3722
United States of America,Mongolia,2017,*
United States of America,Nigeria,2017,*
United States of America,Nepal,2017,31
United States of America,New Zealand,2017,5
United States of America,Oman,2017,*
United States of America,Pakistan,2017,249
United States of America,Philippines,2017,*
United States of America,Dem. People's Rep. of Korea,2017,*
United States of America,Palestinian,2017,51
United States of America,Russian Federation,2017,367
United States of America,Rwanda,2017,74
United States of America,Sudan,2017,652
United States of America,Senegal,2017,10
United States of America,Sierra Leone,2017,*
United States of America,El Salvador,2017,833
United States of America,Somalia,2017,2770
United States of America,South Sudan,2017,107
United States of America,Sweden,2017,*
United States of America,Syrian Arab Rep.,2017,3024
United States of America,Chad,2017,*
United States of America,Togo,2017,*
United States of America,Thailand,2017,*
United States of America,Tibetan,2017,*
United States of America,Tunisia,2017,*
United States of America,Turkey,2017,*
United States of America,United Rep. of Tanzania,2017,*
United States of America,Uganda,2017,44
United States of America,Ukraine,2017,3089
United States of America,Uzbekistan,2017,39
United States of America,Viet Nam,2017,52
United States of America,Yemen,2017,17
United States of America,Zambia,2017,*
United States of America,Zimbabwe,2017,5
